X,Y,objectid,globalid,CreationDate,Creator,EditDate,Editor,date_updated,under_19,_20_39,_40_49,_50_59,_60_69,_70_100,percent_female,percent_male,prov_join_field
0,0,1,ffc9f5c1-0570-4f94-8789-cbda53d8f082,2020/03/30 18:53:19.373+00,phearns,2021/12/21 16:05:37.886+00,andreweaton,2020/03/30 14:30:00+00,11,19,22,30,25,28,0,0,NL
0,0,2,08dde1f2-dc7d-450b-88ef-3e98b4a1e3e0,2020/04/01 16:33:51.939+00,phearns,2021/12/21 16:05:35.200+00,andreweaton,2020/04/01 14:30:00+00,13,24,29,40,36,33,0,0,NL
0,0,3,43175650-bec5-44b1-8e5c-6aa766c572ec,2020/04/04 13:46:23.612+00,phearns,2020/12/01 12:01:15.033+00,phearns,2020/04/03 14:30:00+00,15,25,31,44,42,38,0,0,NL
0,0,4,e287f5dc-0ec2-4d48-8335-5c9eda36a2ef,2020/04/04 17:11:48.487+00,phearns,2020/12/01 12:01:15.033+00,phearns,2020/04/04 14:30:00+00,16,26,32,46,42,41,0,0,NL
0,0,5,13fd2bce-d80b-4a3b-8865-3bc7c1144c62,2020/04/05 17:24:43.616+00,phearns,2020/12/01 12:01:15.033+00,phearns,2020/04/05 14:30:00+00,19,29,33,49,45,42,0,0,NL
0,0,6,172f34c5-b4b0-4e5e-8230-04899ad15f98,2020/04/06 17:34:48.337+00,phearns,2020/12/01 12:01:15.033+00,phearns,2020/04/06 14:30:00+00,20,33,33,50,47,43,0,0,NL
0,0,7,7827f5d3-d222-4ddc-855d-573e7f8aa131,2020/04/07 17:31:45.087+00,phearns,2020/12/01 12:01:15.033+00,phearns,2020/04/07 14:30:00+00,20,34,33,50,48,43,0,0,NL
0,0,8,e33d1c63-d42c-45f7-808f-8acf83bf640e,2020/04/08 17:16:05.765+00,phearns,2020/12/01 12:01:15.033+00,phearns,2020/04/08 14:30:00+00,20,34,33,51,50,44,0,0,NL
0,0,9,b036b562-576b-43df-8084-d5cf6f7d8071,2020/04/09 17:41:18.985+00,phearns,2020/12/01 12:01:15.033+00,phearns,2020/04/09 14:30:00+00,20,35,33,52,51,45,0,0,NL
0,0,10,98d67e03-8c5e-4651-8e68-a7b543f7fa03,2020/04/10 16:00:24.689+00,phearns,2020/12/01 12:01:15.033+00,phearns,2020/04/10 14:30:00+00,20,37,33,52,52,45,0,0,NL
0,0,11,fa0adce4-246f-4fcb-8ea4-9641a1bd56f6,2020/04/11 17:11:56.480+00,phearns,2020/12/01 12:01:15.033+00,phearns,2020/04/11 14:30:00+00,20,37,33,53,53,45,0,0,NL
0,0,12,c85485e0-dffc-4a82-84ef-dfc6fb5b4da0,2020/04/12 16:41:45.209+00,phearns,2020/12/01 12:01:15.033+00,phearns,2020/04/12 14:30:00+00,20,37,33,53,53,46,0,0,NL
0,0,13,0409b23c-d1ad-402d-8673-f9a793da77f3,2020/04/13 19:06:25.543+00,phearns,2020/12/01 12:01:15.033+00,phearns,2020/04/13 14:30:00+00,20,37,33,53,54,47,0,0,NL
0,0,14,8cbc9e13-b084-402c-8310-bc3ed229cc83,2020/04/15 16:55:50.900+00,phearns,2020/12/01 12:01:15.033+00,phearns,2020/04/15 14:30:00+00,20,37,33,54,56,47,0,0,NL
0,0,15,d2efbf60-aca4-4819-8032-bc9c1a67ab0d,2020/04/16 16:46:09.196+00,phearns,2020/12/01 12:01:15.033+00,phearns,2020/04/16 14:30:00+00,20,37,35,56,57,47,0,0,NL
0,0,16,446bb35a-d32d-4e07-8365-6c68b602cb71,2020/04/17 16:51:20.307+00,phearns,2020/12/01 12:01:15.033+00,phearns,2020/04/17 14:30:00+00,22,37,37,56,57,47,0,0,NL
0,0,17,7c6e486c-a335-4cb3-8bba-42699309b7b7,2020/04/18 16:35:46.945+00,phearns,2020/12/01 12:01:15.033+00,phearns,2020/04/18 14:30:00+00,22,37,37,56,58,47,0,0,NL
0,0,18,9994ffe9-aacd-4d3b-87cf-3e09418727b9,2020/04/22 16:46:49.556+00,phearns,2020/12/01 12:01:15.033+00,phearns,2020/04/22 14:30:00+00,22,37,37,56,57,47,0,0,NL
0,0,19,2d1fc71d-5100-47c8-8265-8d9cfb470830,2020/04/25 16:50:38.379+00,phearns,2020/12/01 12:01:15.033+00,phearns,2020/04/25 14:30:00+00,22,38,37,56,57,47,0,0,NL
0,0,20,9ce6aa9f-ea07-408d-832b-528b286897e2,2020/04/26 16:40:44.523+00,phearns,2020/12/01 12:01:15.033+00,phearns,2020/04/26 14:30:00+00,22,38,38,56,57,47,0,0,NL
0,0,21,b56966ff-4db1-40a8-81bd-95b29494a3f1,2020/05/01 16:34:43.009+00,phearns,2020/12/01 12:01:15.033+00,phearns,2020/05/01 14:30:00+00,22,38,39,56,57,47,0,0,NL
0,0,22,a447a753-88b7-4a7b-817c-57bb17c29adc,2020/05/07 17:22:50.606+00,phearns,2020/12/01 12:01:15.033+00,phearns,2020/05/07 14:30:00+00,22,38,39,58,57,47,0,0,NL
0,0,23,392d507d-2d9b-4661-856b-7a63f28233f4,2020/05/15 23:31:47.717+00,phearns,2020/12/01 12:01:15.033+00,phearns,2020/05/15 14:30:00+00,22,38,38,58,57,47,0,0,NL
0,0,24,c537341b-6fbc-4d24-8621-ad999ef5eb2e,2020/05/28 17:39:12.528+00,phearns,2020/12/01 12:01:15.033+00,phearns,2020/05/28 14:30:00+00,22,38,39,58,57,47,0,0,NL
0,0,25,f837aa3f-d68a-4d67-86df-3d708b538196,2020/07/10 16:47:30.978+00,phearns,2020/12/01 12:01:15.033+00,phearns,2020/07/10 14:30:00+00,22,38,39,59,57,47,0,0,NL
0,0,26,8e36f81a-17c4-4530-8637-73ff8e0229ff,2020/07/21 16:49:55.346+00,phearns,2020/12/01 12:01:15.033+00,phearns,2020/07/21 14:30:00+00,22,39,39,59,57,47,0,0,NL
0,0,27,36807d62-25c7-451b-8b80-3c51402eeebc,2020/07/22 16:41:19.244+00,phearns,2020/12/01 12:01:15.033+00,phearns,2020/07/22 14:30:00+00,23,39,39,59,57,47,0,0,NL
0,0,28,1d3ab2f1-c10b-4dd1-8a76-1b4c894cda64,2020/07/24 17:16:33.014+00,phearns,2020/12/01 12:01:15.033+00,phearns,2020/07/24 14:30:00+00,23,40,39,59,57,47,0,0,NL
-57.92467999,48.94575642,29,1fb1df5c-05e1-4ade-b18a-ea2c8309bd16,2020/07/26 16:36:51.357+00,phearns,2020/12/01 12:01:15.033+00,phearns,2020/07/26 14:30:00+00,23,41,39,59,57,47,0,0,NL
-57.9245041,48.9457336,30,af6a61e5-fc7b-40c2-8d0c-167467ddd3df,2020/08/07 16:53:17.225+00,phearns,2020/12/01 12:01:15.033+00,phearns,2020/08/07 14:30:00+00,23,42,39,59,57,47,0,0,NL
0,0,31,a4bb8333-fe53-4bc7-8319-24d324bb1871,2020/08/10 16:42:07.088+00,phearns,2020/12/01 12:01:15.033+00,phearns,2020/08/10 14:30:00+00,23,43,39,59,57,47,0,0,NL
0,0,32,897699cd-5e39-401a-84a0-2d271c479e0d,2020/08/28 17:06:10.164+00,phearns,2020/12/01 12:01:15.033+00,phearns,2020/08/28 14:30:00+00,24,43,39,59,57,47,0,0,NL
-52.7693432,47.5534005,33,d6513d3e-4e85-4633-8730-6591e5fbf908,2020/09/05 16:58:08.333+00,phearns,2020/12/01 12:01:15.033+00,phearns,2020/09/05 14:30:00+00,24,44,39,59,57,47,0,0,NL
-57.9245163,48.9457355,34,ccf823fb-4ba2-4336-b267-e86fa232d55f,2020/09/12 16:38:18.274+00,phearns,2020/12/01 12:01:15.033+00,phearns,2020/09/12 14:30:00+00,24,44,40,59,57,47,0,0,NL
0,0,35,7b18aadf-ccd8-4811-a8fc-c8def758e806,2020/09/18 16:43:20.068+00,phearns,2020/12/01 12:01:15.033+00,phearns,2020/09/18 14:30:00+00,25,44,40,59,57,47,0,0,NL
-57.9247145,48.9457618,36,4b197ddf-d484-47a4-a77e-0cca0e700ae1,2020/09/27 17:18:12.340+00,phearns,2020/12/01 12:01:15.033+00,phearns,2020/09/27 14:30:00+00,24,46,40,59,57,47,0,0,NL
0,0,37,94332c85-aebf-4c8d-9c5b-ecde8a3a9136,2020/09/30 18:50:58.252+00,phearns,2020/12/01 12:01:15.033+00,phearns,2020/09/30 14:30:00+00,24,47,40,59,57,47,0,0,NL
-57.924501,48.9457049,38,e53514c5-26bc-450e-8fb7-550323e3277a,2020/10/01 19:54:59.497+00,phearns,2020/12/01 12:01:15.033+00,phearns,2020/10/01 14:30:00+00,24,48,40,59,57,47,0,0,NL
-57.9245191,48.9456884,39,8fe42105-c2f9-41cb-8a60-e6a9aba98211,2020/10/03 20:00:02.493+00,phearns,2020/12/01 12:01:15.033+00,phearns,2020/10/03 14:30:00+00,24,48,40,59,58,47,0,0,NL
-57.9245886,48.9457047,40,f413842c-1ead-4ed4-b026-73dba5e5d815,2020/10/04 21:55:01.348+00,phearns,2020/12/01 12:01:15.033+00,phearns,2020/10/04 14:30:00+00,24,48,40,59,59,47,0,0,NL
0,0,41,68430095-6c77-4a4d-b776-1be792d2a1d4,2020/10/09 16:36:24.682+00,phearns,2020/12/01 12:01:15.033+00,phearns,2020/10/09 14:30:00+00,20,48,42,59,59,47,0,0,NL
-57.9245284,48.9456967,42,93ed4f4f-722d-4f31-bea2-0df3fe2e9b5a,2020/10/10 17:58:04.337+00,phearns,2020/12/01 12:01:15.033+00,phearns,2020/10/10 14:30:00+00,23,48,42,59,59,47,0,0,NL
-57.9245059,48.9458591,43,a8c87e3e-368b-4d0d-970e-fcbd6c22d62c,2020/10/12 16:41:40.109+00,phearns,2020/12/01 12:01:15.033+00,phearns,2020/10/12 14:30:00+00,23,49,42,59,59,47,0,0,NL
-57.9245373,48.9456871,44,b556bbd6-031f-475b-b8fe-4bbe2fb85937,2020/10/15 19:11:20.972+00,phearns,2020/12/01 12:01:15.033+00,phearns,2020/10/15 14:30:00+00,27,49,43,59,59,47,0,0,NL
0,0,45,e4908f47-fa1d-49f8-bffc-55c3b998b858,2020/10/16 16:46:46.342+00,phearns,2020/12/01 12:01:15.033+00,phearns,2020/10/16 14:30:00+00,27,49,45,59,60,47,0,0,NL
0,0,46,9747826f-d0f5-4acf-be4a-04ebe1e34364,2020/10/22 16:41:32.199+00,phearns,2020/12/01 12:01:15.033+00,phearns,2020/10/22 14:30:00+00,27,50,45,59,60,47,0,0,NL
-57.9245366,48.9457185,47,cdf0ad98-77c5-4140-81fd-39537b9070ba,2020/10/24 17:11:32.530+00,phearns,2020/12/01 12:01:15.033+00,phearns,2020/10/24 14:30:00+00,27,50,45,60,60,47,0,0,NL
-57.9246457,48.945737,48,488e13b5-5e6b-48c8-b833-17ea232419f8,2020/10/25 16:38:05.535+00,phearns,2020/12/01 12:01:15.033+00,phearns,2020/10/25 14:30:00+00,27,50,45,60,61,47,0,0,NL
0,0,49,9e28dfba-9e99-464e-8e70-b4ba57c1f6b7,2020/10/26 16:33:58.101+00,phearns,2020/12/01 12:01:15.033+00,phearns,2020/10/26 14:30:00+00,27,50,45,61,61,47,0,0,NL
0,0,50,7b5ff9a1-611c-4459-8323-47d6b8c121d1,2020/11/04 16:27:24.752+00,phearns,2020/12/01 12:01:15.033+00,phearns,2020/11/04 15:30:00+00,27,50,45,62,61,47,0,0,NL
0,0,51,b18f3233-8d0d-4d85-b3fc-641166eb7657,2020/11/05 17:51:05.396+00,phearns,2020/12/01 12:01:15.033+00,phearns,2020/11/05 15:30:00+00,27,51,45,63,61,47,0,0,NL
-57.9245509,48.9457124,52,0201d923-4b22-4eb1-8349-dceb4ca95e84,2020/11/07 17:32:24.219+00,phearns,2020/12/01 12:01:15.033+00,phearns,2020/11/07 15:30:00+00,27,52,45,63,62,47,0,0,NL
-57.9247002,48.9457009,53,fd898b68-1a7c-48b1-a49f-02ecffa64749,2020/11/08 17:49:28.499+00,phearns,2020/12/01 12:01:15.033+00,phearns,2020/11/08 15:30:00+00,27,53,45,63,62,47,0,0,NL
-57.9245462,48.945663,54,8262b252-32e5-4e89-87f0-cf7d7fc7ae26,2020/11/11 17:33:31.213+00,phearns,2020/12/01 12:01:15.033+00,phearns,2020/11/11 15:30:00+00,27,52,45,63,64,47,0,0,NL
0,0,55,840e4e74-ed6d-45c6-84b0-62dafe2848f5,2020/11/13 17:40:45.875+00,phearns,2020/12/01 12:01:15.033+00,phearns,2020/11/13 15:30:00+00,27,53,45,63,64,47,0,0,NL
-57.924525,48.9457134,56,80a453b1-1bcb-4ead-a352-dde6781d8ea3,2020/11/14 17:35:46.030+00,phearns,2020/12/01 12:01:15.033+00,phearns,2020/11/14 15:30:00+00,27,55,46,64,62,47,0,0,NL
-57.9460859,48.9438592,57,8fbf374a-299f-42a8-8ff9-e7a60db1468a,2020/11/15 17:59:43.782+00,phearns,2020/12/01 12:01:15.033+00,phearns,2020/11/15 15:30:00+00,27,56,47,64,62,47,0,0,NL
0,0,58,f78b4e5e-7dcd-45f3-8116-42ec9f1eae8c,2020/11/17 17:54:10.408+00,phearns,2020/12/01 12:01:15.033+00,phearns,2020/11/17 15:30:00+00,27,56,48,65,62,47,0,0,NL
0,0,59,beae989e-2bf9-47de-9106-7953047e3b80,2020/11/18 18:00:17.152+00,phearns,2020/12/01 12:01:15.033+00,phearns,2020/11/18 15:30:00+00,27,56,49,65,62,48,0,0,NL
0,0,60,856c8fe0-882f-4d61-a111-2f6d37fbfb28,2020/11/19 17:34:44.651+00,phearns,2020/12/01 12:01:15.033+00,phearns,2020/11/19 15:30:00+00,27,56,49,65,62,49,0,0,NL
-53.9511942,47.9459723,61,810417e1-04b5-4b08-9c8b-a5ab33630d4d,2020/11/20 18:10:18.539+00,phearns,2020/12/01 12:01:15.033+00,phearns,2020/11/20 15:30:00+00,27,57,50,65,62,50,0,0,NL
-52.8071203,47.5007058,62,ddd7688c-3d5c-472a-8fa8-d24ac3f475bb,2020/11/21 18:03:06.074+00,phearns,2020/12/01 12:01:15.033+00,phearns,2020/11/21 15:30:00+00,28,58,51,66,62,51,0,0,NL
-52.8323862,47.5078543,63,8d02322d-ef23-46ee-b9bf-834098cf6085,2020/11/22 17:52:27.894+00,phearns,2020/12/01 12:01:15.033+00,phearns,2020/11/22 15:30:00+00,28,59,52,66,63,51,0,0,NL
-54.616588,48.9499594,64,a459f7b2-1f61-490e-b6ce-e33f000dd81e,2020/11/23 19:05:16.406+00,phearns,2020/12/01 12:01:15.033+00,phearns,2020/11/23 15:30:00+00,29,60,52,66,63,51,0,0,NL
0,0,65,d3e85786-f809-474f-9b47-5fff4683951f,2020/11/24 17:41:12.317+00,phearns,2020/12/01 12:01:15.033+00,phearns,2020/11/24 15:30:00+00,29,60,52,66,64,52,0,0,NL
0,0,66,1085bb5d-f9a9-41a3-83b5-d4f565b3b709,2020/11/25 17:35:21.781+00,phearns,2020/12/01 12:01:15.033+00,phearns,2020/11/25 15:30:00+00,29,60,53,66,64,52,0,0,NL
0,0,67,29bd591e-7a0d-48cc-8a27-99e99e9b4499,2020/11/26 17:39:57.168+00,phearns,2020/12/01 12:01:15.033+00,phearns,2020/11/26 15:30:00+00,30,62,53,66,64,52,0,0,NL
0,0,68,a2e4f43b-0c04-441b-ab3b-cb600ed6b94d,2020/11/27 17:44:54.430+00,phearns,2020/12/01 12:01:15.033+00,phearns,2020/11/27 15:30:00+00,30,62,54,68,65,52,0,0,NL
-57.9246829,48.9457665,69,781604a2-6f3f-469b-a46e-5305545edb3f,2020/11/28 17:44:55.919+00,phearns,2020/12/01 12:01:15.033+00,phearns,2020/11/28 15:30:00+00,30,62,54,69,66,52,0,0,NL
-57.9246538,48.9457801,70,74e3f14e-f374-4c69-a72d-7b19879ef4e0,2020/11/29 18:05:50.190+00,phearns,2020/12/01 12:01:15.033+00,phearns,2020/11/29 15:30:00+00,30,64,55,70,66,52,0,0,NL
0,0,71,95a1ac8d-327a-4a9c-a509-56524eaaff82,2020/11/30 17:38:55.896+00,phearns,2020/12/01 12:01:15.033+00,phearns,2020/11/30 15:30:00+00,30,65,55,70,66,52,0,0,NL
0,0,72,0ef6e3d4-e8fe-41be-b3bd-027d943512a4,2020/12/01 17:47:18.455+00,phearns,2020/12/01 17:47:18.455+00,phearns,2020/12/01 15:30:00+00,30,65,55,71,66,52,0,0,NL
-57.9319043,48.9287259,73,623dfc6c-143c-4539-8622-2654c579997b,2020/12/02 17:42:08.422+00,phearns,2020/12/02 17:42:08.422+00,phearns,2020/12/02 15:30:00+00,30,66,55,71,66,52,0,0,NL
0,0,74,84602a43-807b-4a12-b210-b667c1382884,2020/12/04 17:40:21.964+00,phearns,2020/12/04 17:40:21.964+00,phearns,2020/12/04 15:30:00+00,30,68,56,71,66,52,0,0,NL
-57.9245594,48.9457263,75,bbab1abb-850b-469d-bb11-b23b72f5af8f,2020/12/05 17:49:34.982+00,phearns,2020/12/05 17:49:34.982+00,phearns,2020/12/05 15:30:00+00,31,70,57,71,66,52,0,0,NL
-57.9245468,48.94573,76,ca589554-bbcb-46b6-918b-f2c4b255a29c,2020/12/06 17:54:52.365+00,phearns,2020/12/06 17:54:52.365+00,phearns,2020/12/06 15:30:00+00,31,71,59,71,67,52,0,0,NL
0,0,77,13b68083-08c0-4917-acaa-d0260db1f5b9,2020/12/08 17:40:38.006+00,phearns,2020/12/08 17:40:38.006+00,phearns,2020/12/08 15:30:00+00,31,71,59,72,67,52,0,0,NL
-57.9247096,48.945691,78,4b6060c1-efe2-4761-9e2d-4160ffbfdaed,2020/12/09 17:35:40.305+00,phearns,2020/12/09 17:35:40.305+00,phearns,2020/12/09 15:30:00+00,31,72,59,72,67,52,0,0,NL
0,0,79,61d9c880-df60-423c-a620-663280225fef,2020/12/10 18:16:18.941+00,phearns,2020/12/10 18:16:18.941+00,phearns,2020/12/10 15:30:00+00,31,72,59,72,68,52,0,0,NL
0,0,80,e625a9b3-5990-4592-9bf0-6f895757bc00,2020/12/11 17:59:30.801+00,phearns,2020/12/11 17:59:30.801+00,phearns,2020/12/11 15:30:00+00,31,73,59,72,68,52,0,0,NL
-57.9246024,48.9457319,81,764b34e9-329e-4c9f-adad-462bfc206ecc,2020/12/12 17:56:10.917+00,phearns,2020/12/14 14:19:50.658+00,phearns,2020/12/12 15:30:00+00,31,73,61,72,68,53,50,50,NL
0,0,82,ddaaafa0-a110-4908-878c-b39b46444284,2020/12/14 18:52:17.767+00,phearns,2020/12/14 18:52:17.767+00,phearns,2020/12/14 15:30:00+00,31,73,61,73,68,52,0,0,NL
0,0,83,c9d06f99-1bff-4af1-94cf-72a9475a7756,2020/12/15 17:53:30.962+00,phearns,2020/12/16 16:12:08.113+00,phearns,2020/12/15 15:30:00+00,31,74,61,73,68,52,50,50,NL
0,0,84,f84c1a4b-02bf-4ddd-8eb2-ced0815de7dd,2020/12/16 18:12:59.775+00,phearns,2020/12/16 18:12:59.775+00,phearns,2020/12/16 15:30:00+00,32,77,61,74,68,52,50,50,NL
0,0,85,8b8033a3-8739-49da-9c19-8076c634cba0,2020/12/17 17:49:17.255+00,phearns,2020/12/17 17:49:17.255+00,phearns,2020/12/17 15:30:00+00,32,79,61,74,69,52,50,50,NL
0,0,86,214bb588-9c65-42e5-a8d8-b0e042560499,2020/12/18 17:41:58.440+00,phearns,2020/12/18 17:41:58.440+00,phearns,2020/12/18 15:30:00+00,33,81,63,74,69,52,49,51,NL
-57.9245459,48.9456994,87,52151f3e-776d-4dea-b9e9-13f64a939019,2020/12/19 17:48:51.032+00,phearns,2020/12/19 17:48:51.032+00,phearns,2020/12/19 15:30:00+00,33,84,66,76,69,52,48,52,NL
-57.9246526,48.9457199,88,31d8dc95-e698-41f9-a114-1d5f67db58fc,2020/12/20 17:34:09.044+00,phearns,2020/12/20 17:34:09.044+00,phearns,2020/12/20 15:30:00+00,33,84,66,78,69,52,48,52,NL
0,0,89,8035a852-c6a8-463b-937e-ffdadfae2329,2020/12/22 17:37:37.789+00,phearns,2020/12/22 17:37:37.789+00,phearns,2020/12/22 15:30:00+00,33,85,66,78,69,52,48,52,NL
0,0,90,446bba81-e3e0-4adc-987d-0d2ac0acbcde,2020/12/23 17:36:55.090+00,phearns,2020/12/23 18:06:35.844+00,phearns,2020/12/23 15:30:00+00,34,84,47,78,69,52,48,52,NL
-57.924589,48.9457304,91,f4857379-7580-4524-bb90-53e212958d8a,2020/12/27 17:32:59.907+00,phearns,2020/12/27 17:32:59.907+00,phearns,2020/12/27 15:30:00+00,34,85,68,79,69,52,48,52,NL
-57.9246624,48.9457217,92,45e69ca6-4f29-4ed1-b37a-70a6bc48d292,2020/12/28 17:36:44.698+00,phearns,2020/12/28 17:36:44.698+00,phearns,2020/12/28 15:30:00+00,34,87,68,79,69,52,48,52,NL
-57.924606,48.9456964,93,e7e699bf-ba03-4f6c-a13c-3243c2c5a95c,2020/12/29 17:50:55.559+00,phearns,2020/12/29 17:50:55.559+00,phearns,2020/12/29 15:30:00+00,34,87,69,79,69,52,48,52,NL
0,0,94,c469dd73-bb17-4b59-b0a3-d3e52ad82bfe,2021/01/04 17:39:08.053+00,phearns,2021/01/04 17:39:08.053+00,phearns,2021/01/04 15:30:00+00,34,88,69,79,69,52,48,52,NL
0,0,95,1d1717b4-997b-442c-8236-702e3c164776,2021/01/05 17:36:48.574+00,phearns,2021/01/05 17:36:48.574+00,phearns,2021/01/05 15:30:00+00,34,89,69,79,69,52,47,53,NL
-57.9245767,48.9457344,96,1748df84-ae5e-4808-b1b3-62f0bacfab91,2021/01/10 17:45:11.992+00,phearns,2021/01/11 16:06:48.279+00,phearns,2021/01/10 15:30:00+00,36,88,69,79,69,52,47,53,NL
0,0,97,adc63e05-c6eb-4b42-8d4c-9920aab748af,2021/01/14 18:02:04.886+00,phearns,2021/01/14 18:02:04.886+00,phearns,2021/01/14 15:30:00+00,36,89,69,79,69,52,47,53,NL
0,0,98,1f15088d-e752-4ba7-ad5a-0da4bd7fdc0a,2021/01/15 17:36:33.421+00,phearns,2021/01/15 17:36:33.421+00,phearns,2021/01/15 15:30:00+00,36,90,69,79,69,52,47,53,NL
-57.9245096,48.9457225,99,19cf031e-b123-44c2-b1f0-d5ddc4d38e2e,2021/01/17 17:36:31.083+00,phearns,2021/01/17 17:36:31.083+00,phearns,2021/01/17 15:30:00+00,36,91,69,79,69,52,47,53,NL
0,0,100,6b8d5929-14b7-4e54-9762-4dbf425ffca8,2021/01/21 17:37:12.809+00,phearns,2021/01/21 17:37:12.809+00,phearns,2021/01/21 15:30:00+00,36,91,69,79,70,52,47,53,NL
0,0,101,2434977a-e0c3-4bf9-bc4b-c5a11f980b9d,2021/01/22 17:48:08.667+00,phearns,2021/01/22 17:48:08.667+00,phearns,2021/01/22 15:30:00+00,36,92,69,79,70,52,47,53,NL
0,0,102,83c74989-d556-4d08-966e-1ba422b02556,2021/01/27 17:44:19.230+00,phearns,2021/01/27 17:44:19.230+00,phearns,2021/01/27 15:30:00+00,36,94,69,79,70,52,47,53,NL
0,0,103,65e0ff61-6ffb-442b-bf67-3b6d0f1e1cff,2021/01/28 18:21:56.912+00,phearns,2021/01/28 18:21:56.912+00,phearns,2021/01/28 15:30:00+00,36,97,70,79,70,52,47,53,NL
0,0,104,396864dd-210c-4a04-85e3-32389547f5d8,2021/01/29 16:36:34.761+00,phearns,2021/01/29 16:36:34.761+00,phearns,2021/01/29 15:30:00+00,38,98,71,79,70,52,47,53,NL
0,0,105,bf0a0aa7-77be-4c7f-b208-8afe1e8452dc,2021/02/03 17:38:11.842+00,phearns,2021/02/03 17:38:11.842+00,phearns,2021/02/03 15:30:00+00,38,98,71,80,71,52,47,53,NL
0,0,106,2af60ec4-b927-4db2-9df5-95e107579b5e,2021/02/04 17:36:02.787+00,phearns,2021/02/04 17:36:02.787+00,phearns,2021/02/04 15:30:00+00,39,98,71,80,71,52,47,53,NL
0,0,107,0e81895b-b641-46d0-94de-468998952dd5,2021/02/05 17:30:47.625+00,phearns,2021/02/05 17:30:47.625+00,phearns,2021/02/05 15:30:00+00,39,98,71,81,71,52,47,53,NL
-57.9245537,48.945729,108,a61aa758-7269-4a65-bbb4-a13823373748,2021/02/06 17:59:29.495+00,phearns,2021/02/06 17:59:29.495+00,phearns,2021/02/06 15:30:00+00,39,100,72,81,71,52,47,53,NL
-57.9245521,48.9457424,109,82a6c2f4-24b6-4e7c-aa14-ce0ae1d71d36,2021/02/07 20:33:10.988+00,phearns,2021/02/07 20:33:10.988+00,phearns,2021/02/07 15:30:00+00,40,100,72,81,71,52,47,53,NL
0,0,110,ef5f6c27-64c3-4396-8340-9ec860af9f57,2021/02/08 17:43:39.637+00,phearns,2021/02/08 17:43:39.637+00,phearns,2021/02/08 15:30:00+00,45,100,76,82,71,53,48,52,NL
0,0,111,de108020-62f3-4022-b093-48694950e522,2021/02/09 18:15:02.145+00,phearns,2021/02/10 11:50:21.694+00,phearns,2021/02/09 15:30:00+00,59,102,81,88,72,55,49,51,NL
0,0,112,9063d08b-3a9a-410e-aa9d-1cc000cb3da8,2021/02/10 19:07:52.438+00,phearns,2021/02/10 19:07:52.438+00,phearns,2021/02/10 15:30:00+00,103,106,85,89,72,55,50,50,NL
-52.8072273,47.5007296,113,99020b9c-dee8-4413-902d-1f908c8266d0,2021/02/11 19:13:33.351+00,phearns,2021/02/11 19:39:17.870+00,phearns,2021/02/11 15:30:00+00,177,116,89,95,74,59,49,51,NL
-52.8072538,47.5007154,114,0c360baf-ffe4-497b-964a-39a37edf4439,2021/02/11 19:14:30.133+00,phearns,2021/02/11 19:14:30.133+00,phearns,2021/02/11 15:30:00+00,177,116,89,95,74,59,49,51,NL
-56.0339453,48.9805618,115,186c9075-5c08-41e4-b85b-9719113e5f93,2021/02/12 18:07:43.921+00,phearns,2021/02/12 18:07:43.921+00,phearns,2021/02/12 15:30:00+00,197,122,105,99,76,61,49,51,NL
-57.9245566,48.9457175,116,fa5218a7-e506-4c1c-b71e-1a840c8de629,2021/02/13 17:40:06.726+00,phearns,2021/02/13 17:40:06.726+00,phearns,2021/02/13 15:30:00+00,206,124,114,99,79,64,49,51,NL
-57.9247136,48.9457295,117,7643838e-ea04-44ee-bcdf-6fc358828a54,2021/02/14 17:31:22.853+00,phearns,2021/02/14 17:31:22.853+00,phearns,2021/02/14 15:30:00+00,209,127,116,102,79,64,49,51,NL
0,0,118,340fd60e-7b49-4b1c-b08d-3a656534e59b,2021/02/15 18:24:23.125+00,phearns,2021/02/15 18:24:23.125+00,phearns,2021/02/15 15:30:00+00,210,127,117,103,81,66,49,51,NL
0,0,119,826a69a2-5226-4032-a3a7-29a4d0bb7288,2021/02/16 17:41:18.436+00,phearns,2021/02/16 17:41:18.436+00,phearns,2021/02/16 15:30:00+00,212,128,119,104,81,67,49,51,NL
0,0,120,0fe73885-2735-4dc9-9c38-df3169d2aa30,2021/02/17 17:57:16.499+00,phearns,2021/02/17 17:57:16.499+00,phearns,2021/02/17 15:30:00+00,226,136,128,109,87,69,50,50,NL
0,0,121,ba271521-803b-4843-9f4d-8a0c86ef8968,2021/02/18 17:35:34.052+00,phearns,2021/02/18 17:35:34.052+00,phearns,2021/02/18 15:30:00+00,238,147,138,121,87,72,50,50,NL
0,0,122,33ad20b7-dee0-4a32-a681-84f17e96e770,2021/02/19 18:06:16.199+00,phearns,2021/02/19 18:06:16.199+00,phearns,2021/02/19 15:30:00+00,249,165,154,128,93,74,49,51,NL
0,0,123,214f5bf1-0af3-4768-b0b0-8294f82ecf39,2021/02/20 17:49:48.459+00,phearns,2021/02/20 17:49:48.459+00,phearns,2021/02/20 15:30:00+00,263,172,167,131,93,75,50,50,NL
0,0,124,dccd94b6-70a8-4a3a-9af4-78d075b5e8c9,2021/02/21 17:35:59.179+00,phearns,2021/02/21 17:35:59.179+00,phearns,2021/02/21 15:30:00+00,276,173,173,134,95,75,49,51,NL
0,0,125,aa2a5b0a-1e1f-487c-a6d6-2d0dcdd40527,2021/02/22 17:42:30.802+00,phearns,2021/02/22 17:42:30.802+00,phearns,2021/02/22 15:30:00+00,280,174,175,138,96,75,49,51,NL
0,0,126,0fed59b0-7153-4ab5-90f6-840e33dabd9f,2021/02/23 17:44:06.370+00,phearns,2021/02/23 17:44:06.370+00,phearns,2021/02/23 15:30:00+00,282,175,183,141,98,76,49,51,NL
0,0,127,15c9b7f2-553b-47ba-935a-a8c168ab826a,2021/02/24 17:33:16.943+00,phearns,2021/02/24 17:33:16.943+00,phearns,2021/02/24 15:30:00+00,285,175,187,142,98,76,49,51,NL
0,0,128,f52c8fe7-252e-4dae-8f20-9722491c3d0e,2021/02/25 17:31:53.125+00,phearns,2021/02/25 17:31:53.125+00,phearns,2021/02/25 15:30:00+00,287,177,191,143,99,76,49,51,NL
0,0,129,a87d3b88-ee71-473b-8bb1-9f4beb7e8479,2021/02/26 17:34:23.612+00,phearns,2021/02/26 17:34:23.612+00,phearns,2021/02/26 15:30:00+00,287,179,191,143,100,77,49,51,NL
0,0,130,e517b555-2fde-443f-a2ce-21340e0c6bb8,2021/02/27 17:32:02.252+00,phearns,2021/02/27 17:32:02.252+00,phearns,2021/02/27 15:30:00+00,287,180,194,143,100,77,49,51,NL
-57.9245555,48.9457211,131,6e384f50-a36b-40f6-8f43-780659777d5c,2021/02/28 17:44:05.448+00,phearns,2021/02/28 17:44:05.448+00,phearns,2021/02/28 15:30:00+00,288,184,195,144,100,77,49,51,NL
0,0,132,25c794f3-60b7-4c06-9395-96d3f666f6f7,2021/03/01 17:38:24.645+00,phearns,2021/03/01 17:38:24.645+00,phearns,2021/03/01 15:30:00+00,290,184,195,143,100,77,49,51,NL
0,0,133,4c468c14-f979-48a4-8237-afcba6745331,2021/03/02 18:30:33.543+00,phearns,2021/03/02 18:30:33.543+00,phearns,2021/03/02 15:30:00+00,290,185,196,144,100,79,49,51,NL
0,0,134,fb513ca5-fd0b-42e4-8a95-edfb37a1ab9d,2021/03/03 18:10:48.816+00,phearns,2021/03/03 18:10:48.816+00,phearns,2021/03/03 15:30:00+00,290,187,196,145,100,79,49,51,NL
0,0,135,8ec2281e-002a-4ed2-8350-05ae1c527002,2021/03/04 17:34:34.662+00,phearns,2021/03/04 17:34:34.662+00,phearns,2021/03/04 15:30:00+00,290,188,197,147,101,79,49,51,NL
0,0,136,f5e6ac78-cba7-4fc2-b9fa-8b853d34c62f,2021/03/05 17:33:02.581+00,phearns,2021/03/05 17:33:02.581+00,phearns,2021/03/05 15:30:00+00,290,188,198,147,101,79,49,51,NL
-57.9246364,48.9456904,137,0ddf9b08-dcd7-4396-a23a-ad6edadee054,2021/03/06 17:33:27.588+00,phearns,2021/03/06 17:33:27.588+00,phearns,2021/03/06 15:30:00+00,290,188,200,147,101,79,49,51,NL
-57.9247057,48.9456943,138,9e978828-7331-40d2-824a-f9d97b875323,2021/03/07 17:30:18.183+00,phearns,2021/03/07 17:30:18.183+00,phearns,2021/03/07 15:30:00+00,290,189,200,147,101,79,49,51,NL
0,0,139,cd624e1a-88e0-47e8-9424-88322d16802e,2021/03/08 17:34:17.286+00,phearns,2021/03/10 16:53:51.615+00,phearns,2021/03/08 15:30:00+00,290,189,201,147,102,80,49,51,NL
0,0,140,20b814c5-bc6e-49d9-811c-cf44035d114a,2021/03/09 17:35:15.694+00,phearns,2021/03/10 16:53:55.412+00,phearns,2021/03/09 15:30:00+00,291,189,201,147,102,80,49,51,NL
0,0,141,fec68a07-7f81-4ab7-a9da-68b6e0ed55ee,2021/03/11 17:34:13.660+00,phearns,2021/03/11 17:34:13.660+00,phearns,2021/03/11 15:30:00+00,291,189,201,148,102,80,49,51,NL
0,0,142,2ce03c1f-f817-476a-ae81-37409b9aca62,2021/03/12 17:35:31.661+00,phearns,2021/03/12 17:35:31.661+00,phearns,2021/03/12 15:30:00+00,291,189,202,148,102,80,49,51,NL
0,0,143,9fe23dcc-8022-40a2-9fa5-d2614b2638e5,2021/03/16 16:35:57.975+00,phearns,2021/03/16 16:35:57.975+00,phearns,2021/03/16 14:30:00+00,291,190,202,148,102,80,49,51,NL
0,0,144,44aedb17-39d9-4c1d-b4dd-a4f4ad61efcc,2021/03/18 16:30:53.999+00,phearns,2021/03/18 16:30:53.999+00,phearns,2021/03/18 14:30:00+00,291,191,202,148,102,80,49,51,NL
0,0,145,586df588-2d7c-4a3e-9149-2efb30c4e6c6,2021/03/24 16:32:46.957+00,phearns,2021/03/24 16:32:46.957+00,phearns,2021/03/24 14:30:00+00,291,191,202,148,103,80,49,51,NL
-55.5081272,49.0090762,146,0ed2601e-ed40-4627-b65d-889148a0a4e0,2021/03/28 16:28:09.380+00,phearns,2021/03/28 16:28:09.380+00,phearns,2021/03/28 14:30:00+00,291,191,203,148,103,80,49,51,NL
0,0,147,85a0f6f0-4064-4e6d-b281-ee1eca8a9dcf,2021/03/30 16:45:10.327+00,phearns,2021/03/30 16:45:10.327+00,phearns,2021/03/30 14:30:00+00,291,191,205,148,103,80,49,51,NL
0,0,148,5f450d97-474b-4525-839f-3e93340618f1,2021/03/31 16:49:37.647+00,phearns,2021/03/31 16:49:37.647+00,phearns,2021/03/31 14:30:00+00,291,191,206,148,103,80,49,51,NL
0,0,149,2af221ca-5b27-4acf-af41-097fde9280b9,2021/04/01 16:34:03.907+00,phearns,2021/04/01 16:34:03.907+00,phearns,2021/04/01 14:30:00+00,291,192,206,148,103,80,49,51,NL
0,0,150,7731576b-80f2-419f-9086-69b15a695b8f,2021/04/07 16:32:00.459+00,phearns,2021/04/07 16:32:00.459+00,phearns,2021/04/07 14:30:00+00,291,192,206,148,108,80,49,51,NL
0,0,151,e888b2e5-d7fc-4fe6-baa1-7e2a896ec3e1,2021/04/08 15:53:58.559+00,phearns,2021/04/08 15:53:58.559+00,phearns,2021/04/08 14:30:00+00,291,192,207,148,104,80,49,51,NL
0,0,152,8866f740-24c0-438f-800b-3db6246de0b5,2021/04/09 16:37:23.445+00,phearns,2021/04/09 16:37:23.445+00,phearns,2021/04/09 14:30:00+00,291,193,208,149,104,80,49,51,NL
-57.9245801,48.9457126,153,c62c93d5-baa6-4b2a-8d7e-acca530de2f6,2021/04/10 18:46:44.001+00,phearns,2021/04/10 18:46:44.001+00,phearns,2021/04/10 14:30:00+00,293,195,208,149,104,80,49,51,NL
-57.9245687,48.9457118,154,c4eff949-2f56-4fe5-81d3-c3914afa799f,2021/04/11 23:45:31.954+00,phearns,2021/04/11 23:45:31.954+00,phearns,2021/04/11 14:30:00+00,293,195,209,149,104,80,49,51,NL
0,0,155,2137989e-06fd-4e1a-ac0b-c680ccdfc5af,2021/04/13 16:35:40.309+00,phearns,2021/04/13 16:35:40.309+00,phearns,2021/04/13 14:30:00+00,294,195,209,149,104,80,49,51,NL
0,0,156,1199aff4-5e3f-43e0-bf9c-e646c0daff39,2021/04/14 14:33:01.067+00,phearns,2021/04/14 14:33:01.067+00,phearns,2021/04/14 14:30:00+00,295,196,210,149,104,80,49,51,NL
0,0,157,bb5beb5d-5198-47dd-acd0-5abb574f2154,2021/04/15 16:54:01.873+00,phearns,2021/04/15 16:54:01.873+00,phearns,2021/04/15 14:30:00+00,295,197,210,149,105,80,49,51,NL
0,0,158,4e161444-c185-47f4-9649-7aaae1c523b3,2021/04/16 16:41:30.475+00,phearns,2021/04/16 16:41:30.475+00,phearns,2021/04/16 14:30:00+00,295,198,212,149,105,80,49,51,NL
-57.924475,48.9457369,159,fa4dbd58-79b7-47ec-bf8e-150b7cf2828f,2021/04/18 20:55:46.621+00,phearns,2021/04/18 20:55:46.621+00,phearns,2021/04/18 14:30:00+00,295,200,214,149,105,80,48,52,NL
0,0,160,e9809cfe-3b4e-434b-bacc-5cf2696723ec,2021/04/19 16:41:22.996+00,phearns,2021/04/19 16:41:22.996+00,phearns,2021/04/19 14:30:00+00,295,202,214,149,106,81,48,52,NL
0,0,161,1aff960a-410f-491c-8389-eaa7cdc84aed,2021/04/20 16:31:24.299+00,phearns,2021/04/20 16:31:24.299+00,phearns,2021/04/20 14:30:00+00,295,203,215,149,106,80,48,52,NL
0,0,162,4f3ad176-7966-4926-a5ab-3f7ca93a353b,2021/04/21 15:07:23.756+00,phearns,2021/04/21 15:07:23.756+00,phearns,2021/04/21 14:30:00+00,295,203,215,150,106,80,48,52,NL
0,0,163,a9e86ea3-64f9-460a-a347-1d09278d586d,2021/04/22 16:44:00.066+00,phearns,2021/04/22 16:44:00.066+00,phearns,2021/04/22 14:30:00+00,296,204,215,150,107,80,48,52,NL
0,0,164,3eff4930-7f4d-4900-a31d-05bed5791c7d,2021/04/23 17:00:12.897+00,phearns,2021/04/23 17:00:12.897+00,phearns,2021/04/23 14:30:00+00,296,204,216,150,107,80,48,52,NL
-57.9245415,48.945678,165,a8b7e13e-1eb9-4d27-a6ac-bf4652aa42b4,2021/04/24 16:59:50.156+00,phearns,2021/04/24 16:59:50.156+00,phearns,2021/04/24 14:30:00+00,297,205,216,151,107,80,48,52,NL
-57.9244911,48.945754,166,8ca57d54-4b00-4332-a4cd-6f9d980bc837,2021/04/25 17:16:01.053+00,phearns,2021/04/25 17:16:01.053+00,phearns,2021/04/25 14:30:00+00,297,205,216,152,108,80,48,52,NL
-57.9246857,48.9457144,167,98b1c50e-f729-4f59-89b7-3d54d06c5cf6,2021/04/26 18:17:29.776+00,phearns,2021/04/26 18:17:29.776+00,phearns,2021/04/26 14:30:00+00,297,206,219,152,108,80,48,52,NL
0,0,168,38de31ac-6d1a-4a03-bb7c-bdf9e31ef394,2021/04/28 16:47:25.412+00,phearns,2021/04/28 16:47:25.412+00,phearns,2021/04/28 14:30:00+00,297,207,222,152,108,80,48,52,NL
0,0,169,410bdeab-606a-4688-9010-5c9020056a6f,2021/04/29 16:35:49.954+00,phearns,2021/04/29 16:35:49.954+00,phearns,2021/04/29 14:30:00+00,297,208,223,152,108,80,48,52,NL
0,0,170,722ef142-222c-4fd6-b6e1-6acff48cc4eb,2021/04/30 17:04:59.486+00,phearns,2021/04/30 17:04:59.486+00,phearns,2021/04/30 14:30:00+00,297,213,225,153,108,80,47,53,NL
-57.9244689,48.9456805,171,a1907211-139b-497d-913c-3d570054235a,2021/05/01 16:41:12.797+00,phearns,2021/05/01 16:41:12.797+00,phearns,2021/05/01 14:30:00+00,297,217,225,153,108,80,47,53,NL
-57.9246117,48.9457375,172,81d62be4-58c1-478a-912e-a49a71f426d7,2021/05/02 17:45:30.260+00,phearns,2021/05/02 17:45:30.260+00,phearns,2021/05/02 14:30:00+00,297,226,229,157,110,80,47,53,NL
0,0,173,49cb075b-f20d-492d-b6fa-216e7478d6fe,2021/05/03 16:41:45.049+00,phearns,2021/05/03 16:41:45.049+00,phearns,2021/05/03 14:30:00+00,298,229,229,158,110,80,47,53,NL
0,0,174,d03eff72-e007-4ce0-a126-f9f01661d1a4,2021/05/04 17:22:49.121+00,phearns,2021/05/04 17:22:49.121+00,phearns,2021/05/04 14:30:00+00,298,232,230,158,110,80,47,53,NL
0,0,175,f7043f40-51ef-4cbc-8017-fe0ff208d6f8,2021/05/05 15:12:17.217+00,phearns,2021/05/05 15:12:17.217+00,phearns,2021/05/05 14:30:00+00,298,234,232,160,110,80,47,53,NL
0,0,176,36964c1a-a075-41e4-ae3b-6a583d21eb7d,2021/05/06 17:02:02.529+00,phearns,2021/05/06 17:03:26.074+00,phearns,2021/05/06 14:30:00+00,299,238,233,160,110,80,46,54,NL
0,0,177,8ec76c82-df19-48b9-bc1a-fd62d5f92f82,2021/05/07 16:51:25.833+00,phearns,2021/05/07 16:51:25.833+00,phearns,2021/05/07 14:30:00+00,300,239,237,161,110,80,46,54,NL
-57.9245892,48.9456854,178,b20be07b-71a2-4e1f-9a15-bccc3b692be3,2021/05/08 16:48:19.847+00,phearns,2021/05/08 16:48:19.847+00,phearns,2021/05/08 14:30:00+00,301,242,237,161,111,81,46,54,NL
-57.9246841,48.9457197,179,f0e6c0fb-782c-4f68-9b96-c58800980f4e,2021/05/09 16:37:57.559+00,phearns,2021/05/09 16:37:57.559+00,phearns,2021/05/09 14:30:00+00,301,242,240,161,112,82,46,54,NL
0,0,180,121e2777-d1a7-4ddf-b803-46aa783fec47,2021/05/10 16:44:32.779+00,phearns,2021/05/10 16:44:32.779+00,phearns,2021/05/10 14:30:00+00,301,243,240,163,112,82,46,54,NL
0,0,181,5d994dd7-9e61-4b6f-801c-e4f5e6d51f18,2021/05/11 16:48:21.365+00,phearns,2021/05/11 16:48:21.365+00,phearns,2021/05/11 14:30:00+00,303,248,245,165,113,82,46,54,NL
0,0,182,87c10acb-4240-4cbc-bc6b-809367260231,2021/05/12 18:08:47.758+00,phearns,2021/05/12 18:08:47.758+00,phearns,2021/05/12 14:30:00+00,305,251,248,166,114,82,46,54,NL
0,0,183,a85bc7f0-0940-4a2e-8f30-dbbace41170f,2021/05/13 16:43:32.221+00,phearns,2021/05/13 16:43:32.221+00,phearns,2021/05/13 14:30:00+00,307,252,249,169,114,82,45,55,NL
0,0,184,3e39b6ec-6fa9-44f8-a7e7-7dbc985d16ab,2021/05/14 17:04:00.752+00,phearns,2021/05/14 17:04:00.752+00,phearns,2021/05/14 14:30:00+00,307,254,250,171,115,82,45,55,NL
-57.9246731,48.9457408,185,928663fa-a625-478f-97b4-611e655374dd,2021/05/15 16:48:18.987+00,phearns,2021/05/15 16:48:18.987+00,phearns,2021/05/15 14:30:00+00,307,256,251,171,117,82,45,55,NL
-57.9245825,48.9457171,186,c696aa2d-2f34-4c2b-ae17-e3da46680b3d,2021/05/16 16:36:38.034+00,phearns,2021/05/16 16:36:38.034+00,phearns,2021/05/16 14:30:00+00,307,263,253,171,117,82,45,55,NL
0,0,187,dad291ff-870a-425c-bbb5-e1b2f4dbdef3,2021/05/17 16:49:34.039+00,phearns,2021/05/17 16:49:34.039+00,phearns,2021/05/17 14:30:00+00,308,264,256,175,118,82,45,55,NL
-57.9319126,48.9286412,188,bcf6c19c-5729-4e5f-94b5-35b2f7ec1121,2021/05/18 16:43:45.172+00,phearns,2021/05/18 16:43:45.172+00,phearns,2021/05/18 14:30:00+00,308,266,259,196,118,82,45,55,NL
0,0,189,f975f896-ab08-4024-8d60-21d6e51f972f,2021/05/19 16:32:46.442+00,phearns,2021/05/19 16:32:46.442+00,phearns,2021/05/19 14:30:00+00,308,267,259,177,118,83,45,55,NL
-53.4302798,47.447817,190,5b4652b0-1ab6-4927-b8b5-157197979f20,2021/05/20 16:51:13.870+00,phearns,2021/05/20 16:51:13.870+00,phearns,2021/05/20 14:30:00+00,308,268,260,179,118,83,45,55,NL
-52.8072228,47.5007301,191,63ee6854-ca8c-4873-9d5b-be8b87b631a6,2021/05/21 17:18:03.684+00,phearns,2021/05/21 17:18:03.684+00,phearns,2021/05/21 14:30:00+00,308,270,263,183,119,83,45,55,NL
0,0,192,dd8f35d4-9b73-4075-9a92-814be6c5f4a6,2021/05/22 17:01:55.347+00,phearns,2021/05/22 17:01:55.347+00,phearns,2021/05/22 14:30:00+00,309,272,263,183,120,83,45,55,NL
-57.9246136,48.9457275,193,df1e4542-44fc-4559-bd01-17733531f7b2,2021/05/23 16:36:18.193+00,phearns,2021/05/23 16:36:18.193+00,phearns,2021/05/23 14:30:00+00,313,283,263,187,123,84,44,56,NL
-57.9246601,48.9457424,194,92aa6c99-f2f2-4c7c-b43e-a0f30c59c297,2021/05/24 16:48:58.254+00,phearns,2021/05/24 16:48:58.254+00,phearns,2021/05/24 14:30:00+00,313,284,265,188,123,85,44,56,NL
0,0,195,a66b0c42-6174-42b2-9684-a6b98bffe184,2021/05/25 16:49:49.113+00,phearns,2021/05/25 16:49:49.113+00,phearns,2021/05/25 14:30:00+00,314,288,266,192,124,85,44,56,NL
0,0,196,7e1fc8b6-e721-4f8b-a4df-0c98166bed2c,2021/05/26 16:33:09.618+00,phearns,2021/05/26 16:33:09.618+00,phearns,2021/05/26 14:30:00+00,315,289,266,193,124,86,44,56,NL
0,0,197,0e623161-c0bf-4336-a4c1-ad2b112ab28e,2021/05/27 16:53:46.988+00,phearns,2021/05/27 16:53:46.988+00,phearns,2021/05/27 14:30:00+00,317,293,266,193,124,86,44,56,NL
0,0,198,d33b3a78-e9b6-4c3d-964d-c1b2fb124e16,2021/05/28 16:58:18.230+00,phearns,2021/05/28 16:58:18.230+00,phearns,2021/05/28 14:30:00+00,318,295,270,198,126,86,44,56,NL
-57.9247669,48.9456511,199,173ed04d-bece-4add-bbb2-8a1faf1515ab,2021/05/29 16:44:14.147+00,phearns,2021/05/29 16:44:14.147+00,phearns,2021/05/29 14:30:00+00,322,298,270,199,127,86,44,56,NL
-57.9246627,48.945721,200,b52168dc-4747-47c0-9e6a-83635417718d,2021/05/30 17:27:15.844+00,phearns,2021/05/30 17:27:15.844+00,phearns,2021/05/30 14:30:00+00,326,299,270,199,127,88,44,56,NL
0,0,201,ade0ef81-94e3-4073-8854-e2129915908c,2021/05/31 16:59:26.833+00,phearns,2021/05/31 16:59:26.833+00,phearns,2021/05/31 14:30:00+00,326,299,270,201,127,88,44,56,NL
-53.9510935,47.9459932,202,18aa4dda-1d80-426b-b827-badfcc6d0a69,2021/06/01 18:25:36.536+00,phearns,2021/06/01 18:25:36.536+00,phearns,2021/06/01 14:30:00+00,327,301,272,202,127,88,44,56,NL
0,0,203,1aaf353b-8954-4a9a-9761-265be7227f9b,2021/06/02 15:47:35.394+00,phearns,2021/06/02 15:47:35.394+00,phearns,2021/06/02 14:30:00+00,335,307,274,202,128,88,44,56,NL
0,0,204,8e8e7448-8921-4f6b-916d-a1545569e817,2021/06/03 16:42:53.166+00,phearns,2021/06/03 16:42:53.166+00,phearns,2021/06/03 14:30:00+00,337,310,274,203,128,88,44,56,NL
-57.0332216,49.3125529,205,16efa699-4c0c-41ed-aa58-9fc77eef288a,2021/06/04 16:35:26.243+00,phearns,2021/06/04 16:35:26.243+00,phearns,2021/06/04 14:30:00+00,337,310,276,203,128,88,44,56,NL
-57.9245434,48.9456953,206,4021d0db-f0b2-446c-9466-1a83cfa958e5,2021/06/05 16:39:37.377+00,phearns,2021/06/05 16:39:37.377+00,phearns,2021/06/05 14:30:00+00,339,311,276,203,130,88,44,56,NL
-57.9245478,48.94572,207,2f435c7f-90ac-4975-8e81-2e5e6197d5dc,2021/06/06 16:33:17.158+00,phearns,2021/06/06 16:33:17.158+00,phearns,2021/06/06 14:30:00+00,343,311,276,204,130,88,44,56,NL
0,0,208,807af354-2a47-4a9c-bcf9-98d777e74918,2021/06/07 17:17:30.759+00,phearns,2021/06/07 17:17:30.759+00,phearns,2021/06/07 14:30:00+00,343,311,276,205,131,88,44,56,NL
0,0,209,8813cec3-f1f1-4ce4-9790-a8e8aa785837,2021/06/08 16:32:46.594+00,phearns,2021/06/08 16:32:46.594+00,phearns,2021/06/08 14:30:00+00,344,311,277,205,131,89,44,56,NL
0,0,210,6efbcf4a-5cf0-4531-873a-c5194d6a4b96,2021/06/09 16:41:16.729+00,phearns,2021/06/09 16:41:16.729+00,phearns,2021/06/09 14:30:00+00,345,312,278,205,131,89,44,56,NL
0,0,211,c3fc67e9-c594-4f92-8b29-a6ad54ead173,2021/06/10 16:56:15.122+00,phearns,2021/06/10 16:56:15.122+00,phearns,2021/06/10 14:30:00+00,349,312,279,205,131,89,44,56,NL
0,0,212,4e44acc1-7201-4a22-8480-5f4f2bd7e126,2021/06/11 16:31:29.031+00,phearns,2021/06/11 16:31:29.031+00,phearns,2021/06/11 14:30:00+00,350,312,280,205,131,90,44,56,NL
-57.9246821,48.9457328,213,097c2c31-f1a2-4ee4-ac10-d036d294f77d,2021/06/12 16:33:27.271+00,phearns,2021/06/12 16:33:27.271+00,phearns,2021/06/12 14:30:00+00,355,312,281,205,131,90,44,56,NL
-57.9246407,48.9456289,214,83081328-d39a-40b2-8946-8844b44b3951,2021/06/13 16:34:33.103+00,phearns,2021/06/13 16:34:33.103+00,phearns,2021/06/13 14:30:00+00,356,312,281,205,131,90,44,56,NL
0,0,215,668cfbfd-a0b4-4cd7-bb5e-b2e3b9b903c5,2021/06/14 17:08:41.457+00,phearns,2021/06/14 17:08:41.457+00,phearns,2021/06/14 14:30:00+00,359,313,281,205,131,90,44,56,NL
-56.2416315,49.8969973,216,896bd7f0-c71d-4ffc-b275-bc7947e4faf4,2021/06/15 16:47:59.160+00,phearns,2021/06/15 16:47:59.160+00,phearns,2021/06/15 14:30:00+00,359,314,281,205,132,90,44,56,NL
0,0,217,8eac04f3-fad9-4d0b-ab25-ae07a74b595c,2021/06/16 15:06:59.382+00,phearns,2021/06/16 15:06:59.382+00,phearns,2021/06/16 14:30:00+00,359,315,281,205,132,90,44,56,NL
0,0,218,869324d8-9e14-478b-9157-8436970909ec,2021/06/17 16:31:45.414+00,phearns,2021/06/17 16:31:45.414+00,phearns,2021/06/17 14:30:00+00,359,316,281,205,132,90,44,56,NL
0,0,219,553d8661-e499-46c5-822e-a899baa931a6,2021/06/22 16:34:31.908+00,phearns,2021/06/22 16:34:31.908+00,phearns,2021/06/22 14:30:00+00,359,316,281,205,133,90,44,56,NL
0,0,220,ac0548b9-cfcc-477f-aec6-e1497de803c3,2021/06/28 17:06:28.923+00,phearns,2021/06/28 17:06:28.923+00,phearns,2021/06/28 14:30:00+00,360,316,281,205,133,90,44,56,NL
0,0,221,95ad7389-527c-4286-a642-da8b71f703b7,2021/06/30 16:16:46.608+00,phearns,2021/06/30 16:16:46.608+00,phearns,2021/06/30 14:30:00+00,360,317,281,205,133,90,44,56,NL
0,0,222,ab7f9d5a-9e87-44c5-bcf6-8d6632f0c7c6,2021/07/02 16:30:09.497+00,phearns,2021/07/02 16:30:09.497+00,phearns,2021/07/02 14:30:00+00,360,317,282,205,133,90,44,56,NL
-56.833545,51.5256154,223,83603b9b-a95a-40dd-a49c-449537fdf55b,2021/07/05 16:50:34.490+00,phearns,2021/07/05 16:50:34.490+00,phearns,2021/07/05 14:30:00+00,360,322,286,209,133,90,44,56,NL
-57.0642744,51.3703138,224,8109d98a-f788-479f-8e71-5b4098cc65f5,2021/07/09 16:35:04.478+00,phearns,2021/07/09 16:35:04.478+00,phearns,2021/07/09 16:00:00+00,360,323,286,209,134,90,44,56,NL
0,0,225,c1818ddb-2bb9-4f51-bb5a-28bc8da95e24,2021/07/13 16:40:50.571+00,phearns,2021/07/13 16:40:50.571+00,phearns,2021/07/13 14:30:00+00,360,326,287,210,134,90,44,56,NL
0,0,226,19c30277-ecaa-4475-8640-355e037ebdf3,2021/07/14 16:46:46.159+00,phearns,2021/07/14 16:46:46.159+00,phearns,2021/07/14 14:30:00+00,360,327,287,211,135,90,43,57,NL
0,0,227,78216340-14aa-4e85-bfc7-3fef2d1b5406,2021/07/15 17:37:59.243+00,phearns,2021/07/15 17:37:59.243+00,phearns,2021/07/15 14:30:00+00,360,336,295,217,135,90,43,57,NL
0,0,228,49661e92-f54c-4e22-ab93-75cc6e08c157,2021/07/19 17:16:39.967+00,phearns,2021/07/19 17:16:39.967+00,phearns,2021/07/19 14:30:00+00,360,339,295,217,136,90,43,57,NL
-57.9244902,48.9457462,229,aed68330-fc4d-400c-a8d6-7a3e1966bdc6,2021/08/02 16:41:32.816+00,phearns,2021/08/02 16:41:32.816+00,phearns,2021/08/02 14:30:00+00,361,341,295,217,136,90,57,43,NL
0,0,230,c4ca3f0f-7a6f-4343-874f-6c2b061baa10,2021/08/04 16:23:21.942+00,phearns,2021/08/04 16:23:21.942+00,phearns,2021/08/04 14:30:00+00,361,342,295,217,136,90,43,57,NL
-57.9244895,48.9457076,231,5de8209e-d8c1-45a9-9cdb-6419f03f6ae8,2021/08/06 16:35:05.962+00,phearns,2021/08/06 16:35:05.962+00,phearns,2021/08/06 14:30:00+00,361,342,295,217,136,92,43,57,NL
-57.9318611,48.9286338,232,c4f1b846-130b-4379-abb6-d1f6f1630431,2021/08/13 16:39:26.934+00,phearns,2021/08/13 16:39:26.934+00,phearns,2021/08/13 14:30:00+00,363,343,295,217,137,92,43,57,NL
0,0,233,5dee0232-d4fd-41c0-bb16-6233a4dcbe64,2021/08/16 16:32:43.932+00,phearns,2021/08/16 16:32:43.932+00,phearns,2021/08/16 14:30:00+00,364,344,296,217,137,92,43,57,NL
0,0,234,50f4c132-2e3d-4b59-aae1-cbbcc1f85eaf,2021/08/18 16:31:31.662+00,phearns,2021/08/18 16:31:31.662+00,phearns,2021/08/18 14:30:00+00,367,346,296,218,137,92,43,57,NL
0,0,235,bc9746c0-662c-48ff-ae82-04cae89a7127,2021/08/20 16:13:45.821+00,phearns,2021/08/20 16:13:45.821+00,phearns,2021/08/20 14:30:00+00,367,346,296,220,137,92,43,57,NL
-54.1530425,48.2818985,236,045da803-2faf-4ce0-b9f1-94b98f886be8,2021/08/23 17:07:09.225+00,phearns,2021/08/23 17:07:09.225+00,phearns,2021/08/23 14:30:00+00,367,348,296,220,137,92,43,57,NL
-52.7962605,47.4676659,237,3e754029-7224-42eb-9172-7d4c7eba3575,2021/08/25 16:36:17.734+00,phearns,2021/08/25 16:36:17.734+00,phearns,2021/08/25 14:30:00+00,368,348,297,220,137,92,43,57,NL
-52.807177,47.5006932,238,f3fc492a-1ae8-45c0-bb8d-cd756543d6e2,2021/08/27 16:32:11.901+00,phearns,2021/08/27 16:32:11.901+00,phearns,2021/08/27 14:30:00+00,370,352,297,221,137,92,43,57,NL
-56.0950421,49.1854267,239,34d66355-e36b-4416-820d-73df82eeac77,2021/08/30 17:18:57.602+00,phearns,2021/08/30 17:18:57.602+00,phearns,2021/08/30 14:30:00+00,371,356,298,222,139,92,43,57,NL
0,0,240,a9a128c9-8ff5-4429-82f7-2b9578b7c256,2021/09/01 16:30:21.571+00,phearns,2021/09/01 16:30:21.571+00,phearns,2021/09/01 14:30:00+00,372,359,300,222,139,94,43,57,NL
0,0,241,f4943a3d-13f9-4389-81be-42d7624676a4,2021/09/03 16:39:07.832+00,phearns,2021/09/03 16:39:07.832+00,phearns,2021/09/03 14:30:00+00,372,360,301,224,140,94,43,57,NL
0,0,242,88780d2f-b340-4370-bf7c-dd7f75494a17,2021/09/06 20:51:55.202+00,phearns,2021/09/06 20:51:55.202+00,phearns,2021/09/06 14:30:00+00,372,364,302,227,145,96,43,57,NL
0,0,243,fa9accd5-89d7-4047-a75d-c582559392b4,2021/09/07 16:41:42.164+00,phearns,2021/09/07 16:41:42.164+00,phearns,2021/09/07 14:30:00+00,372,364,303,229,147,96,43,57,NL
0,0,244,4aa2dc94-74d3-410e-bf3a-92a4a0e797a4,2021/09/08 16:37:22.965+00,phearns,2021/09/08 16:37:22.965+00,phearns,2021/09/08 14:30:00+00,373,367,303,230,151,96,43,57,NL
0,0,245,1d94b55a-5ac9-417e-ab88-06998d108756,2021/09/10 16:49:26.172+00,phearns,2021/09/10 16:49:26.172+00,phearns,2021/09/10 14:30:00+00,374,371,304,234,152,97,43,57,NL
0,0,246,04786cb6-5a15-420b-898d-e60b3f9ee2f6,2021/09/13 17:58:27.341+00,phearns,2021/09/13 17:58:27.341+00,phearns,2021/09/13 14:30:00+00,375,378,304,234,152,98,43,57,NL
0,0,247,3a9bd947-8167-4977-80e5-ca0d37922910,2021/09/15 16:49:16.060+00,phearns,2021/09/15 16:49:16.060+00,phearns,2021/09/15 14:30:00+00,376,380,306,236,154,99,43,57,NL
0,0,248,c4d39a71-3c9d-4c93-8cb6-66f3c0513b93,2021/09/17 16:43:19.441+00,phearns,2021/09/17 16:43:19.441+00,phearns,2021/09/17 14:30:00+00,376,381,306,237,155,100,43,57,NL
0,0,249,7df22795-913a-4082-b977-5bfad855b2c0,2021/09/20 16:40:08.229+00,phearns,2021/09/20 16:40:08.229+00,phearns,2021/09/20 14:30:00+00,377,383,308,239,155,108,43,57,NL
0,0,250,667ba684-97fd-4991-9175-d443784acd63,2021/09/21 18:43:57.323+00,phearns,2021/09/21 18:43:57.323+00,phearns,2021/09/21 14:30:00+00,380,385,312,243,157,109,43,57,NL
0,0,251,797df923-5478-4c22-bbbc-a0a9cc92ce69,2021/09/22 17:06:32.523+00,phearns,2021/09/22 17:06:32.523+00,phearns,2021/09/22 14:30:00+00,382,390,316,249,161,111,44,56,NL
0,0,252,79764a37-6b92-479d-b648-d996c6d0c832,2021/09/24 16:37:50.797+00,phearns,2021/09/24 16:37:50.797+00,phearns,2021/09/24 14:30:00+00,384,402,325,259,165,119,44,56,NL
0,0,253,e75e589d-34aa-42e1-9a09-6ccba4517bf2,2021/09/25 16:39:10.007+00,phearns,2021/09/25 16:39:10.007+00,phearns,2021/09/25 14:30:00+00,391,403,327,260,167,120,44,56,NL
-57.9245806,48.9457037,254,c8d6b24d-dc7b-4b13-8fe9-a933a82f00d4,2021/09/26 17:37:00.491+00,phearns,2021/09/26 17:37:00.491+00,phearns,2021/09/26 14:30:00+00,404,403,330,260,174,121,44,56,NL
0,0,255,88e1f663-4577-443c-ae25-1e0181593037,2021/09/27 17:23:00.191+00,phearns,2021/09/27 17:24:09.687+00,phearns,2021/09/27 14:30:00+00,414,406,331,266,177,123,44,56,NL
-57.9246539,48.9456777,256,d612c93c-cec6-4907-ae29-2236f66ae776,2021/09/28 17:01:28.367+00,phearns,2021/09/28 17:01:28.367+00,phearns,2021/09/28 14:30:00+00,416,406,332,269,179,129,44,56,NL
0,0,257,a918d511-e536-4146-9f8b-46b6df8662ad,2021/09/29 19:36:45.801+00,phearns,2021/09/29 19:36:45.801+00,phearns,2021/09/29 14:30:00+00,417,407,335,269,181,138,44,56,NL
0,0,258,50429334-cc4b-431c-8a86-72a638a68a16,2021/10/01 17:08:07.007+00,phearns,2021/10/01 17:08:07.007+00,phearns,2021/10/01 14:30:00+00,425,413,338,277,186,149,45,55,NL
-52.807247,47.5007075,259,ba4e5b5e-d965-4a4d-8793-df7dc50a0ba0,2021/10/02 17:00:51.948+00,phearns,2021/10/02 17:00:51.948+00,phearns,2021/10/02 14:30:00+00,426,415,339,277,189,150,45,55,NL
-52.807223,47.5007109,260,642e8b72-2a92-45fe-aeec-307f76796ad6,2021/10/03 16:38:36.815+00,phearns,2021/10/03 16:38:36.815+00,phearns,2021/10/03 14:30:00+00,428,416,341,277,189,153,45,55,NL
0,0,261,b0319d2e-2121-46cd-975a-d8ae8fad9d21,2021/10/04 16:34:24.361+00,phearns,2021/10/04 16:34:24.361+00,phearns,2021/10/04 14:30:00+00,429,419,344,282,189,156,45,55,NL
0,0,262,42888841-600e-435b-bdb9-ca5055c37f97,2021/10/05 16:35:48.779+00,phearns,2021/10/05 16:35:48.779+00,phearns,2021/10/05 14:30:00+00,430,420,345,283,190,156,45,55,NL
0,0,263,b56f1e84-0a69-4261-bcb0-9dccbef3f923,2021/10/06 17:36:11.586+00,phearns,2021/10/06 17:36:11.586+00,phearns,2021/10/06 14:30:00+00,433,423,345,283,192,157,45,55,NL
0,0,264,c6b76645-eb33-4d09-825c-7246faed57fa,2021/10/07 17:20:24.841+00,phearns,2021/10/07 17:20:24.841+00,phearns,2021/10/07 14:30:00+00,433,425,346,284,194,158,45,55,NL
0,0,265,4e7175dd-ad00-4f99-91ce-e1a243ed6ebf,2021/10/08 16:41:20.369+00,phearns,2021/10/08 16:41:20.369+00,phearns,2021/10/08 14:30:00+00,433,426,348,286,197,158,45,55,NL
0,0,266,60553146-0cdf-4d20-bff3-ffae08f1b4b6,2021/10/12 16:45:05.138+00,phearns,2021/10/12 16:45:05.138+00,phearns,2021/10/12 14:30:00+00,435,431,349,291,203,160,45,55,NL
0,0,267,07935800-91e7-4dac-8d01-a56e72e518f8,2021/10/13 16:41:18.365+00,phearns,2021/10/13 16:41:18.365+00,phearns,2021/10/13 14:30:00+00,437,432,350,291,203,160,45,55,NL
0,0,268,bd5a4e7f-d71d-41fd-9df8-677c738153f6,2021/10/14 16:43:51.161+00,phearns,2021/10/14 16:43:51.161+00,phearns,2021/10/14 14:30:00+00,437,432,350,293,205,160,45,55,NL
0,0,269,f408e3a1-3a2f-4d38-9eae-714ec10631e9,2021/10/15 17:08:47.402+00,phearns,2021/10/15 17:08:47.402+00,phearns,2021/10/15 14:30:00+00,437,433,351,295,205,160,45,55,NL
0,0,270,4f905aac-7c56-43d8-8aba-e61f9eac9781,2021/10/18 16:52:43.685+00,phearns,2021/10/18 16:52:43.685+00,phearns,2021/10/18 14:30:00+00,437,434,354,295,209,160,45,55,NL
-52.7671856,47.5554074,271,80da59b7-713e-4f78-b660-b52558ef176d,2021/10/20 15:01:51.918+00,phearns,2021/10/20 15:01:51.918+00,phearns,2021/10/20 14:30:00+00,443,435,354,297,209,160,45,55,NL
0,0,272,a8a9329d-fcc9-485b-be63-269ebc1498ea,2021/10/22 16:32:37.354+00,phearns,2021/10/22 16:32:37.354+00,phearns,2021/10/22 14:30:00+00,466,439,355,297,210,161,45,55,NL
-52.8072644,47.5007613,273,9ae68237-9593-47db-94a9-89aefc02a51c,2021/10/25 16:50:15.406+00,phearns,2021/10/25 16:50:15.406+00,phearns,2021/10/25 14:30:00+00,488,445,356,300,212,163,45,55,NL
0,0,274,b094d2ea-231b-4be8-bdbb-7b1ab7d25561,2021/10/27 17:06:15.326+00,phearns,2021/10/27 17:07:25.204+00,phearns,2021/10/27 14:30:00+00,495,449,358,302,217,163,46,54,NL
0,0,275,418d3f3b-c296-46b3-a45f-9fe4072cf56b,2021/10/29 16:30:57.606+00,phearns,2021/10/29 16:30:57.606+00,phearns,2021/10/29 14:30:00+00,498,452,358,303,217,164,46,54,NL
0,0,276,3d325816-84fc-403f-93a0-bce7663618c4,2021/11/01 17:05:51.179+00,phearns,2021/11/01 17:05:51.179+00,phearns,2021/11/01 14:30:00+00,499,452,358,304,217,164,46,54,NL
0,0,277,63cc55a1-f90a-4500-ac1a-13fe9ae09530,2021/11/03 16:53:58.890+00,phearns,2021/11/03 16:53:58.890+00,phearns,2021/11/03 14:30:00+00,500,452,358,304,217,164,46,54,NL
0,0,278,930ac115-d927-4e9f-9c0e-5adbfafbc23b,2021/11/05 17:05:20.701+00,phearns,2021/11/05 17:05:20.701+00,phearns,2021/11/05 14:30:00+00,502,453,359,307,217,165,46,54,NL
0,0,279,72cf69ec-d5aa-44e5-865c-c70c02a51307,2021/11/08 17:47:34.655+00,phearns,2021/11/08 17:47:34.655+00,phearns,2021/11/08 15:30:00+00,502,453,362,309,220,166,46,54,NL
0,0,280,7067a2a2-0a87-4f2b-96e3-683a625aba24,2021/11/10 17:52:48.167+00,phearns,2021/11/10 17:52:48.167+00,phearns,2021/11/10 15:30:00+00,504,453,362,311,221,168,46,54,NL
0,0,281,bd408a30-814b-412e-8589-0da097579484,2021/11/12 17:35:38.601+00,phearns,2021/11/12 17:35:38.601+00,phearns,2021/11/12 15:30:00+00,505,454,363,311,224,168,46,54,NL
0,0,282,2dc3de86-313d-4452-8a87-8b8c4314d85b,2021/11/15 17:44:38.135+00,phearns,2021/11/15 17:44:38.135+00,phearns,2021/11/15 15:30:00+00,506,454,363,311,225,168,46,54,NL
0,0,283,8d6c873b-122e-49fd-b666-622c37faec8e,2021/11/17 18:27:12.060+00,phearns,2021/11/17 18:27:12.060+00,phearns,2021/11/17 15:30:00+00,506,454,365,312,225,169,46,54,NL
0,0,284,db80c836-215b-4d0a-9411-77b94fb70b91,2021/11/19 17:36:16.197+00,phearns,2021/11/19 17:36:16.197+00,phearns,2021/11/19 15:30:00+00,506,455,367,312,226,169,46,54,NL
0,0,285,8b112f6f-3a1c-4696-8413-f842c6af758a,2021/11/22 17:40:47.803+00,phearns,2021/11/22 17:40:47.803+00,phearns,2021/11/22 15:30:00+00,507,456,367,312,226,170,46,54,NL
0,0,286,c58cba1c-aaea-452a-ab43-68d239201746,2021/11/24 18:23:32.512+00,phearns,2021/11/24 18:23:32.512+00,phearns,2021/11/24 15:30:00+00,507,457,367,313,226,172,46,54,NL
-52.8072445,47.5007166,287,2aebfb02-1c9e-42b7-883f-f1b7b656fc35,2021/11/26 20:36:58.671+00,phearns,2021/11/26 20:36:58.671+00,phearns,2021/11/26 15:30:00+00,507,460,367,313,228,173,46,54,NL
0,0,288,e0e0e8f8-9fd3-4e67-9e57-6952e177ee2f,2021/11/29 17:32:15.293+00,phearns,2021/11/29 17:32:15.293+00,phearns,2021/11/29 15:30:00+00,511,463,369,313,228,173,46,54,NL
0,0,289,8e6d8b72-ef90-4bea-ad15-663e4562baf3,2021/12/01 18:12:42.035+00,phearns,2021/12/01 18:12:42.035+00,phearns,2021/12/01 15:30:00+00,511,463,369,314,229,173,46,54,NL
0,0,290,58fb3176-a073-4f99-8ae5-1aacdc5e28d5,2021/12/03 18:09:06.318+00,andreweaton,2021/12/03 18:09:06.318+00,andreweaton,2021/12/03 18:06:33.811+00,511,464,370,317,229,173,46,54,NL
0,0,291,da817b81-7244-4fdd-aebf-708b0c24bc4f,2021/12/07 12:17:32.524+00,andreweaton,2021/12/07 12:17:32.524+00,andreweaton,2021/12/06 15:30:00+00,511,464,371,318,230,177,46,54,NL
0,0,292,c6c179f1-c7d3-4162-8b7b-6b26cace2e71,2021/12/08 18:41:57.707+00,andreweaton,2021/12/14 15:23:44.489+00,andreweaton,2021/12/08 18:40:45.548+00,512,464,371,318,234,117,46,54,NL
0,0,293,ce7f5bc1-504c-4aad-9542-e2da331183b5,2021/12/10 18:06:49.526+00,andreweaton,2021/12/14 15:24:18.847+00,andreweaton,2021/12/10 18:06:41.832+00,512,464,371,319,235,177,46,54,NL
0,0,294,3deb6b1d-3eae-4e1a-9153-7c42f9cd7d29,2021/12/13 19:35:38.363+00,andreweaton,2021/12/13 19:35:38.363+00,andreweaton,2021/12/13 19:35:31.496+00,517,472,373,319,235,177,46,54,NL
0,0,295,d8fc3924-a52e-45bd-8ed2-1cf0e760b7f1,2021/12/15 19:07:55.293+00,andreweaton,2021/12/15 19:07:55.293+00,andreweaton,2021/12/15 19:06:10.077+00,521,475,374,322,237,177,46,54,NL
0,0,296,73a5ef03-529d-4cbb-8b21-31eeeee99095,2021/12/17 19:21:37.314+00,andreweaton,2021/12/17 19:21:37.314+00,andreweaton,2021/12/17 19:20:20.612+00,538,493,380,326,238,177,54,46,NL
0,0,297,3a2db825-e4a8-460b-9a1e-0dea9ebf8661,2021/12/19 19:15:29.838+00,andreweaton,2021/12/19 19:15:29.838+00,andreweaton,2021/12/19 15:30:00+00,550,522,386,337,241,177,46,54,NL
0,0,298,eb0f16f2-758c-41b8-8680-50fe1d69a379,2021/12/20 19:32:58.926+00,andreweaton,2021/12/20 19:32:58.926+00,andreweaton,2021/12/20 19:28:41.385+00,557,536,388,337,244,178,54,46,NL
0,0,299,3c30ee85-032a-4d60-ac10-7b475b54f455,2021/12/21 19:25:12.606+00,andreweaton,2021/12/21 19:25:12.606+00,andreweaton,2021/12/21 19:24:14.326+00,566,544,390,339,248,180,46,54,NL
0,0,300,2f02c9e8-d084-442d-9190-01daf8374b06,2021/12/22 15:57:34.005+00,andreweaton,2021/12/22 15:57:34.005+00,andreweaton,2021/12/22 15:04:37.184+00,578,571,396,346,254,182,46,54,NL
0,0,301,f10b2644-2ade-439b-b27d-5d9845ed9936,2021/12/23 18:24:26.501+00,andreweaton,2021/12/23 18:24:26.501+00,andreweaton,2021/12/23 17:25:57.615+00,587,627,406,364,259,184,46,54,NL
0,0,302,8eeb7f15-549b-448d-9fc3-b6daf8c69609,2021/12/24 18:13:00.696+00,andreweaton,2021/12/24 18:13:00.696+00,andreweaton,2021/12/24 18:12:17.320+00,603,668,417,370,267,187,46,54,NL
0,0,303,ed9353ab-a552-4e4a-8d2c-1b723b9a6854,2021/12/29 20:05:43.254+00,andreweaton,2021/12/29 20:05:43.254+00,andreweaton,2021/12/29 20:04:07.492+00,776,1073,521,469,320,216,47,53,NL
0,0,304,5e6763b6-2946-44af-a4e1-a064ce3233cd,2021/12/30 19:42:49.670+00,andreweaton,2021/12/30 19:42:49.670+00,andreweaton,2021/12/30 19:11:38.831+00,841,1200,581,527,345,230,48,52,NL
0,0,305,d626b4fc-cca0-4ceb-a919-b7a402e4a0fa,2021/12/31 19:59:54.200+00,andreweaton,2021/12/31 19:59:54.200+00,andreweaton,2021/12/31 19:47:01.353+00,908,1358,643,599,388,259,48,52,NL
